Date,regime_causal,regime_viterbi,regime_effective,proba_0,proba_1,proba_2,confidence,is_uncertain
2023-01-23,2,2,2,7.065806543300714e-290,1.044253587650932e-291,1.0,1.0,False
2023-01-24,0,0,0,0.9745709469818811,0.025429042063942985,1.0954175961702118e-08,0.9745709469818811,False
2023-01-25,0,0,0,0.9985280965931214,0.0014719034067954115,8.310687038301255e-14,0.9985280965931214,False
2023-01-26,0,0,0,0.9992979928847789,0.0007020071147297473,4.91223077787772e-13,0.9992979928847789,False
2023-01-27,0,0,0,0.9985950666108105,0.0014049333888422118,3.472898638407559e-13,0.9985950666108105,False
2023-01-30,0,0,0,0.9978777046931719,0.0021222953064129915,4.150106224794377e-13,0.9978777046931719,False
2023-01-31,0,0,0,0.9927031017676518,0.007296898232001083,3.470826950763208e-13,0.9927031017676518,False
2023-02-01,0,0,0,0.9483876467908521,0.0516123532087299,4.181081076263794e-13,0.9483876467908521,False
2023-02-02,0,0,0,0.6837946665991461,0.3162053333959729,4.881014464287357e-12,0.6837946665991461,False
2023-02-03,1,0,1,0.181242645151935,0.818757354845856,2.2090825249120765e-12,0.818757354845856,False
2023-02-06,1,0,1,0.029919054598214593,0.9700809453989878,2.797563854454588e-12,0.9700809453989878,False
2023-02-07,1,0,1,0.005398245344787036,0.9946017546542432,9.697409924391488e-13,0.9946017546542432,False
2023-02-08,1,0,1,0.005303294650401554,0.9946967052094713,1.4012710205851096e-10,0.9946967052094713,False
2023-02-09,1,0,1,0.017195576042933158,0.9828044168565798,7.1004868860069566e-09,0.9828044168565798,False
2023-02-10,1,0,1,0.11962276733052539,0.8803771792022703,5.346720420302106e-08,0.8803771792022703,False
2023-02-13,0,0,0,0.7265677853202435,0.27343202039885006,1.9428090634272318e-07,0.7265677853202435,False
2023-02-14,0,0,0,0.9899948083699384,0.010005122710255707,6.89198059596726e-08,0.9899948083699384,False
2023-02-15,0,0,0,0.9994980994950832,0.000501863914095219,3.659082167203312e-08,0.9994980994950832,False
2023-02-16,0,0,0,0.9998376326332031,0.00016230225213602578,6.511466078809353e-08,0.9998376326332031,False
2023-02-17,0,0,0,0.9998194335901793,0.0001805207090350906,4.5700785408792216e-08,0.9998194335901793,False
2023-02-21,0,0,0,0.9999075892142774,9.226879691918108e-05,1.4198880340337497e-07,0.9999075892142774,False
2023-02-22,0,0,0,0.9999432970264936,5.6541583502097076e-05,1.6139000416441747e-07,0.9999432970264936,False
2023-02-23,0,0,0,0.9999646919936117,3.520332791028465e-05,1.0467847801470021e-07,0.9999646919936117,False
2023-02-24,0,0,0,0.9999855850304494,1.4369915503508216e-05,4.505404705779213e-08,0.9999855850304494,False
2023-02-27,0,0,0,0.9999948515238456,5.107556687929884e-06,4.0919466531711175e-08,0.9999948515238456,False
2023-02-28,0,0,0,0.9999990800181354,8.914871757734903e-07,2.8494688851987658e-08,0.9999990800181354,False
2023-03-01,0,0,0,0.9999997878713186,1.8864744100679812e-07,2.3481240458121294e-08,0.9999997878713186,False
2023-03-02,0,0,0,0.9999998952775785,6.891234405177262e-08,3.581007748447585e-08,0.9999998952775785,False
2023-03-03,0,0,0,0.9999999802704103,1.6799183995575768e-08,2.9304058131676846e-09,0.9999999802704103,False
2023-03-06,0,0,0,0.9999999913408374,6.236663360524167e-09,2.422499375803376e-09,0.9999999913408374,False
2023-03-07,0,0,0,0.999999993075247,2.376353339861049e-09,4.54839972425339e-09,0.999999993075247,False
2023-03-08,0,0,0,0.9999999912180847,1.6886472421681461e-09,7.0932681584114066e-09,0.9999999912180847,False
2023-03-09,0,0,0,0.9999999970189268,8.114073007185051e-10,2.169665721432161e-09,0.9999999970189268,False
2023-03-10,0,0,0,0.999999999831036,7.573944150007297e-11,9.322454157841064e-11,0.999999999831036,False
2023-03-13,0,0,0,0.9999999999609235,1.0632105251539693e-11,2.8444393450506146e-11,0.9999999999609235,False
2023-03-14,0,0,0,0.9999999999836728,5.751336782129458e-12,1.0575792892439377e-11,0.9999999999836728,False
2023-03-15,0,0,0,0.9999999999932949,5.022705135507882e-12,1.6824289564407947e-12,0.9999999999932949,False
2023-03-16,0,0,0,0.9999999999965465,3.046058904086007e-12,4.074038571437671e-13,0.9999999999965465,False
2023-03-17,0,0,0,0.9999999999847424,1.4237964209718388e-11,1.0195771760528821e-12,0.9999999999847424,False
2023-03-20,0,0,0,0.9999999999632936,3.4365996752848103e-11,2.340307135772826e-12,0.9999999999632936,False
2023-03-21,0,0,0,0.9999999999231468,7.51214361550546e-11,1.7317013880309354e-12,0.9999999999231468,False
2023-03-22,0,0,0,0.9999999996827504,3.1586189819950074e-10,1.3875116084183174e-12,0.9999999996827504,False
2023-03-23,0,0,0,0.9999999989826189,1.0166558769717744e-09,7.25307491168461e-13,0.9999999989826189,False
2023-03-24,0,0,0,0.9999999969751612,3.0245504836427015e-09,2.8838451194361265e-13,0.9999999969751612,False
2023-03-27,0,0,0,0.9999999898341189,1.0165841281678216e-08,3.9936573310009635e-14,0.9999999898341189,False
2023-03-28,0,0,0,0.9999999878376459,1.2162350445017044e-08,3.4505037603571154e-15,0.9999999878376459,False
2023-03-29,0,0,0,0.9999999247052934,7.529470381027411e-08,2.6124328106458203e-15,0.9999999247052934,False
2023-03-30,0,0,0,0.999999727467651,2.7253234653021764e-07,2.5415755903799353e-15,0.999999727467651,False
2023-03-31,0,0,0,0.9999995387240374,4.6127596004906403e-07,2.6056177294023873e-15,0.9999995387240374,False
2023-04-03,0,0,0,0.999999594924466,4.050755336508595e-07,4.28015827328537e-16,0.999999594924466,False
2023-04-04,0,0,0,0.9999998142878547,1.8571214503857355e-07,2.7533837351990904e-16,0.9999998142878547,False
2023-04-05,0,0,0,0.9999999532112971,4.6788702888567665e-08,1.290704180280422e-17,0.9999999532112971,False
2023-04-06,0,0,0,0.9999999739357022,2.60642977422551e-08,8.1218223953436485e-19,0.9999999739357022,False
2023-04-10,0,0,0,0.9999999653261732,3.467382677093768e-08,4.093503583273217e-19,0.9999999653261732,False
2023-04-11,0,0,0,0.9999999614211944,3.8578805655704085e-08,4.15380255127544e-19,0.9999999614211944,False
2023-04-12,0,0,0,0.9999999656129278,3.438707228602458e-08,4.43228393937682e-19,0.9999999656129278,False
2023-04-13,0,0,0,0.9999999043631895,9.563681033181421e-08,1.1992996799785507e-18,0.9999999043631895,False
2023-04-14,0,0,0,0.9999999084512142,9.154878566157047e-08,2.219790771409511e-18,0.9999999084512142,False
2023-04-17,0,0,0,0.9999999004817005,9.951829941502872e-08,7.986491219611839e-18,0.9999999004817005,False
2023-04-18,0,0,0,0.999999849658044,1.5034195613155706e-07,8.358040071487102e-17,0.999999849658044,False
2023-04-19,0,0,0,0.9999997992341917,2.0076580782602203e-07,5.46954746397981e-16,0.9999997992341917,False
2023-04-20,0,0,0,0.9999997357599536,2.6424004401769694e-07,2.488511115747225e-15,0.9999997357599536,False
2023-04-21,0,0,0,0.9999997553963008,2.4460369568333167e-07,3.4823878849521317e-15,0.9999997553963008,False
2023-04-24,0,0,0,0.9999998472085219,1.527914764248744e-07,1.7383337834464423e-15,0.9999998472085219,False
2023-04-25,0,0,0,0.9999999582523955,4.1747604365677197e-08,1.512421150842458e-16,0.9999999582523955,False
2023-04-26,0,0,0,0.999999984816746,1.51832540312355e-08,2.8381878557678243e-17,0.999999984816746,False
2023-04-27,0,0,0,0.9999999885422121,1.145778800207494e-08,8.490196871561491e-17,0.9999999885422121,False
2023-04-28,0,0,0,0.9999999968082143,3.1917855451080804e-09,1.1804003556785936e-16,0.9999999968082143,False
2023-05-01,0,0,0,0.9999999961859822,3.814016818099409e-09,7.834699934643158e-16,0.9999999961859822,False
2023-05-02,0,0,0,0.9999999946913074,5.30869206287484e-09,3.7299287370235137e-16,0.9999999946913074,False
2023-05-03,0,0,0,0.9999999963541562,3.645843781215326e-09,4.4284722886912616e-17,0.9999999963541562,False
2023-05-04,0,0,0,0.9999999954960179,4.503982058088063e-09,2.3340089812790787e-17,0.9999999954960179,False
2023-05-05,0,0,0,0.9999999877102536,1.2289746340296131e-08,5.742577325480265e-18,0.9999999877102536,False
2023-05-08,0,0,0,0.9999999804824055,1.9517594596181456e-08,8.593603614412863e-19,0.9999999804824055,False
2023-05-09,0,0,0,0.9999999439049172,5.6095082723910653e-08,2.2986665717595247e-18,0.9999999439049172,False
2023-05-10,0,0,0,0.9999997336729168,2.663270831082402e-07,3.18643955759672e-18,0.9999997336729168,False
2023-05-11,0,0,0,0.9999997914976813,2.0850231889016165e-07,1.5082275777166193e-19,0.9999997914976813,False
2023-05-12,0,0,0,0.9999994747020936,5.252979063386258e-07,6.2364450814845946e-21,0.9999994747020936,False
2023-05-15,0,0,0,0.9999978410012421,2.158998757767543e-06,8.363636679024497e-22,0.9999978410012421,False
2023-05-16,0,0,0,0.9999982304724013,1.7695275988108048e-06,1.55579283420155e-23,0.9999982304724013,False
2023-05-17,0,0,0,0.9999949955533236,5.004446676453637e-06,7.545043518386814e-24,0.9999949955533236,False
2023-05-18,0,0,0,0.9999672684460963,3.2731553903682546e-05,3.0905217497502714e-24,0.9999672684460963,False
2023-05-19,0,0,0,0.9997519238420065,0.00024807615799353597,8.306051342559302e-24,0.9997519238420065,False
2023-05-22,0,0,0,0.9987940050159737,0.001205994984026395,4.5761079936000596e-24,0.9987940050159737,False
2023-05-23,0,0,0,0.9987339972383248,0.0012660027616752628,8.956929038310845e-25,0.9987339972383248,False
2023-05-24,0,0,0,0.9992197878098198,0.0007802121901801595,2.7566634341412677e-25,0.9992197878098198,False
2023-05-25,0,0,0,0.9994863792751497,0.0005136207248503427,1.2140327092747367e-25,0.9994863792751497,False
2023-05-26,0,0,0,0.9998409155817416,0.0001590844182583702,2.098512858516542e-26,0.9998409155817416,False
2023-05-30,0,0,0,0.9999757304468253,2.4269553174749392e-05,3.0285217889522988e-28,0.9999757304468253,False
2023-05-31,0,0,0,0.9999989832500819,1.0167499181069468e-06,3.697741326067538e-30,0.9999989832500819,False
2023-06-01,0,0,0,0.9999999192062691,8.079373103550089e-08,9.944847625300507e-34,0.9999999192062691,False
2023-06-02,0,0,0,0.9999999941905453,5.809454624594886e-09,9.914666581668798e-38,0.9999999941905453,False
2023-06-05,0,0,0,0.9999999995641615,4.3583854674239847e-10,1.72066356931362e-40,0.9999999995641615,False
2023-06-06,0,0,0,0.999999999921382,7.861803450196963e-11,1.2341494569740858e-43,0.999999999921382,False
2023-06-07,0,0,0,0.9999999999667701,3.3229761129928705e-11,1.5643590679267755e-45,0.9999999999667701,False
2023-06-08,0,0,0,0.99999999998057,1.943004537555879e-11,1.2253827155357762e-45,0.99999999998057,False
2023-06-09,0,0,0,0.9999999999703915,2.960852935742182e-11,6.52901836824023e-47,0.9999999999703915,False
2023-06-12,0,0,0,0.9999999999647524,3.524767488669801e-11,4.603716349836078e-47,0.9999999999647524,False
2023-06-13,0,0,0,0.999999999773401,2.2659895098874313e-10,1.1042857107383958e-46,0.999999999773401,False
2023-06-14,0,0,0,0.9999999998274334,1.7256654776748372e-10,5.1714767571224255e-48,0.9999999998274334,False
2023-06-15,0,0,0,0.9999999998240094,1.7599058525419364e-10,8.340822937437524e-50,0.9999999998240094,False
2023-06-16,0,0,0,0.9999999998623061,1.3769383872046834e-10,2.8558287195096924e-52,0.9999999998623061,False
2023-06-20,0,0,0,0.9999999999696019,3.0398199292024664e-11,1.404286680519742e-54,0.9999999999696019,False
2023-06-21,0,0,0,0.9999999999904752,9.524726790717156e-12,7.713178957715798e-57,0.9999999999904752,False
2023-06-22,0,0,0,0.9999999999932512,6.748846791065885e-12,3.725641992825891e-57,0.9999999999932512,False
2023-06-23,0,0,0,0.999999999995342,4.65803937450614e-12,1.1597056399969466e-56,0.999999999995342,False
2023-06-26,0,0,0,0.9999999999958122,4.187664244307771e-12,3.6904265998623252e-56,0.9999999999958122,False
2023-06-27,0,0,0,0.999999999994718,5.2820038447559214e-12,3.054133726995996e-56,0.999999999994718,False
2023-06-28,0,0,0,0.9999999999924816,7.518449877781427e-12,1.1041082468340756e-56,0.9999999999924816,False
2023-06-29,0,0,0,0.9999999999830202,1.6979708699904544e-11,2.630791303984913e-57,0.9999999999830202,False
2023-06-30,0,0,0,0.9999999999566933,4.330680143881866e-11,3.0173084765809154e-58,0.9999999999566933,False
2023-07-03,0,0,0,0.9999999999087024,9.129760499246523e-11,1.8285788989391312e-59,0.9999999999087024,False
2023-07-05,0,0,0,0.9999999998288573,1.7114264261166163e-10,7.235080257378314e-61,0.9999999998288573,False
2023-07-06,0,0,0,0.9999999993800028,6.199970866216042e-10,4.25526198546143e-61,0.9999999993800028,False
2023-07-07,0,0,0,0.9999999969206539,3.0793460834937706e-09,8.284422744457166e-61,0.9999999969206539,False
2023-07-10,0,0,0,0.9999999752007489,2.479925107115961e-08,4.226601452831913e-60,0.9999999752007489,False
2023-07-11,0,0,0,0.9999998674462764,1.32553723553243e-07,2.70145013042182e-60,0.9999998674462764,False
2023-07-12,0,0,0,0.9999993596392469,6.403607530693804e-07,9.67336548811018e-61,0.9999993596392469,False
2023-07-13,0,0,0,0.9999987610439107,1.2389560893663275e-06,4.015499271226032e-62,0.9999987610439107,False
2023-07-14,0,0,0,0.9999977499227715,2.2500772284817515e-06,2.7613593458398577e-63,0.9999977499227715,False
2023-07-17,0,0,0,0.9999946215532965,5.378446703381291e-06,1.1013257292908571e-63,0.9999946215532965,False
2023-07-18,0,0,0,0.9999781938236646,2.1806176335349762e-05,3.846937839114597e-62,0.9999781938236646,False
2023-07-19,0,0,0,0.9999792936527612,2.070634723879538e-05,2.383536069307997e-61,0.9999792936527612,False
2023-07-20,0,0,0,0.9999873641299698,1.26358700301961e-05,3.447394601551954e-61,0.9999873641299698,False
2023-07-21,0,0,0,0.9999954739084256,4.526091574509537e-06,2.7217787130142764e-61,0.9999954739084256,False
2023-07-24,0,0,0,0.9999986162124197,1.3837875803355788e-06,5.038355475394714e-61,0.9999986162124197,False
2023-07-25,0,0,0,0.999998497663681,1.5023363190256612e-06,3.6506057590453694e-61,0.999998497663681,False
2023-07-26,0,0,0,0.9999959175675445,4.082432455571316e-06,2.5831999428593416e-60,0.9999959175675445,False
2023-07-27,0,0,0,0.9999841811107781,1.5818889221755863e-05,6.836027741664846e-58,0.9999841811107781,False
2023-07-28,0,0,0,0.999718017001526,0.00028198299847396265,2.942122916956955e-53,0.999718017001526,False
2023-07-31,0,0,0,0.9990535836076937,0.0009464163923063711,1.9163567662734762e-49,0.9990535836076937,False
2023-08-01,0,0,0,0.9987054018453283,0.0012945981546718009,2.351478713124456e-46,0.9987054018453283,False
2023-08-02,0,0,0,0.9978207878843118,0.002179212115688078,7.782311794922814e-43,0.9978207878843118,False
2023-08-03,0,0,0,0.9966933793307092,0.0033066206692906577,4.993374183086623e-39,0.9966933793307092,False
2023-08-04,0,0,0,0.9967799180767812,0.0032200819232188903,5.580290921467219e-37,0.9967799180767812,False
2023-08-07,0,0,0,0.9916390355192901,0.008360964480709896,9.020286929445153e-35,0.9916390355192901,False
2023-08-08,0,0,0,0.9877190741855627,0.012280925814437387,1.3214810680467514e-33,0.9877190741855627,False
2023-08-09,0,0,0,0.9839124391062795,0.0160875608937205,1.1451638969468622e-31,0.9839124391062795,False
2023-08-10,0,1,0,0.9701722477302794,0.029827752269720526,1.8863075417382054e-29,0.9701722477302794,False
2023-08-11,0,1,0,0.9095219047809404,0.09047809521905947,3.463718511046729e-27,0.9095219047809404,False
2023-08-14,0,1,1,0.5035813058982725,0.4964186941017275,2.501482739925249e-25,0.5035813058982725,True
2023-08-15,1,1,1,0.03162249281679379,0.9683775071832063,2.4371637664816082e-24,0.9683775071832063,False
2023-08-16,1,1,1,0.0003032511994940517,0.999696748800506,2.2636613683789905e-22,0.999696748800506,False
2023-08-17,1,1,1,1.5940587417783327e-05,0.9999840594125823,4.1623185211519116e-20,0.9999840594125823,False
2023-08-18,1,1,1,1.2748371964904902e-05,0.999987251628035,2.089731270702402e-17,0.999987251628035,False
2023-08-21,1,1,1,9.981746253482249e-06,0.9999900182537449,1.763920566854871e-15,0.9999900182537449,False
2023-08-22,1,1,1,1.630415392584219e-05,0.9999836958459642,1.0981800106649127e-13,0.9999836958459642,False
2023-08-23,1,1,1,3.7239057328427786e-05,0.9999627609179564,2.471503784307113e-11,0.9999627609179564,False
2023-08-24,1,1,1,0.0004074008861827123,0.9995925956881487,3.425668390432996e-09,0.9995925956881487,False
2023-08-25,1,1,1,0.0019031999339960133,0.9980965790465999,2.2101940409642532e-07,0.9980965790465999,False
2023-08-28,1,1,1,0.010769380976759578,0.9892276587998946,2.9602233457884457e-06,0.9892276587998946,False
2023-08-29,1,1,1,0.026998572744578866,0.9729612193975025,4.0207857918673795e-05,0.9729612193975025,False
2023-08-30,1,1,1,0.058658576819420015,0.9408104786544551,0.0005309445261250484,0.9408104786544551,False
2023-08-31,1,2,1,0.10170384820676967,0.8929113323192964,0.0053848194739341,0.8929113323192964,False
2023-09-01,1,2,1,0.048931151481464194,0.8822505941921984,0.06881825432633755,0.8822505941921984,False
2023-09-05,2,2,2,0.0012214151197515696,0.3528098826484847,0.6459687022317637,0.6459687022317637,False
2023-09-06,2,2,2,8.119507961395847e-07,0.004814837281864127,0.9951843507673397,0.9951843507673397,False
2023-09-07,2,2,2,1.2398131221328834e-08,8.444762815368857e-06,0.9999915428390534,0.9999915428390534,False
2023-09-08,2,2,2,9.37838285867191e-10,1.685796867620855e-06,0.9999983132652941,0.9999983132652941,False
2023-09-11,2,2,2,3.7274528546653024e-10,1.4210423778733212e-06,0.9999985785848768,0.9999985785848768,False
2023-09-12,2,2,2,2.6715847761963154e-10,4.654484788236197e-07,0.9999995342843628,0.9999995342843628,False
2023-09-13,2,2,2,6.624314449079688e-10,2.705916398705514e-07,0.9999997287459287,0.9999997287459287,False
2023-09-14,2,2,2,1.123040162213127e-09,3.009007128320243e-07,0.9999996979762471,0.9999996979762471,False
2023-09-15,2,2,2,6.720306743866646e-09,4.027017221955398e-07,0.999999590577971,0.999999590577971,False
2023-09-18,2,2,2,1.867084477386174e-08,5.296546414216745e-07,0.9999994516745139,0.9999994516745139,False
2023-09-19,2,2,2,6.122863877056343e-08,8.303379902179994e-07,0.999999108433371,0.999999108433371,False
2023-09-20,2,2,2,3.1031330288731073e-07,4.4859644281199113e-07,0.9999992410902543,0.9999992410902543,False
2023-09-21,2,2,2,2.118917400131941e-06,1.1053789326192277e-06,0.9999967757036672,0.9999967757036672,False
2023-09-22,2,2,2,6.732667902098503e-06,1.0300356532634424e-06,0.9999922372964447,0.9999922372964447,False
2023-09-25,2,2,2,6.758149136906776e-06,3.622643672251289e-06,0.9999896192071909,0.9999896192071909,False
2023-09-26,2,2,2,4.491377064843964e-06,7.754387442956855e-06,0.9999877542354921,0.9999877542354921,False
2023-09-27,2,2,2,1.1248850609315321e-06,1.6559193274445424e-05,0.9999823159216646,0.9999823159216646,False
2023-09-28,2,2,2,2.801742960162035e-07,9.918718970003447e-06,0.999989801106734,0.999989801106734,False
2023-09-29,2,2,2,1.1502154505993704e-07,3.7402734220378344e-06,0.9999961447050328,0.9999961447050328,False
2023-10-02,2,2,2,4.310558497857443e-08,1.702296341748997e-06,0.9999982545980732,0.9999982545980732,False
2023-10-03,2,2,2,4.1007822922326786e-08,7.389825906808161e-07,0.9999992200095864,0.9999992200095864,False
2023-10-04,2,2,2,1.7400372925537023e-08,2.3215022248908806e-07,0.9999997504494046,0.9999997504494046,False
2023-10-05,2,2,2,7.695071687642201e-09,9.238569667705142e-08,0.9999998999192317,0.9999998999192317,False
2023-10-06,2,2,2,7.48304505729101e-09,8.6156935611998e-08,0.9999999063600192,0.9999999063600192,False
2023-10-09,2,2,2,1.2610378469951897e-08,4.69880057468806e-08,0.9999999404016158,0.9999999404016158,False
2023-10-10,2,2,2,6.737359449666369e-08,2.015576370358898e-08,0.9999999124706419,0.9999999124706419,False
2023-10-11,2,2,2,2.461438229281374e-07,7.061449004690725e-09,0.999999746794728,0.999999746794728,False
2023-10-12,2,2,2,8.843245278833659e-07,5.438007886679278e-09,0.9999991102374642,0.9999991102374642,False
2023-10-13,2,2,2,3.7645650241909865e-07,3.0989216461914855e-09,0.999999620444576,0.999999620444576,False
2023-10-16,2,2,2,2.8614347189731286e-07,9.366779677750878e-09,0.9999997044897485,0.9999997044897485,False
2023-10-17,2,2,2,1.2245919308018748e-07,3.78069802686096e-08,0.9999998397338267,0.9999998397338267,False
2023-10-18,2,2,2,1.6150304807299644e-08,1.125197723392546e-07,0.9999998713299229,0.9999998713299229,False
2023-10-19,2,2,2,6.468969733945746e-09,8.243155066738173e-07,0.9999991692155236,0.9999991692155236,False
2023-10-20,2,2,2,4.011304082117668e-09,3.779694802061517e-06,0.9999962162938939,0.9999962162938939,False
2023-10-23,2,2,2,3.9351646184616155e-09,1.92260222450982e-05,0.9999807700425902,0.9999807700425902,False
2023-10-24,2,2,2,6.996562945745387e-09,0.00011231398500552313,0.9998876790184316,0.9998876790184316,False
2023-10-25,2,2,2,6.83853883736369e-09,0.000682597534173939,0.9993173956272873,0.9993173956272873,False
2023-10-26,2,1,2,1.5717081893044648e-08,0.0039583415669263025,0.9960416427159917,0.9960416427159917,False
2023-10-27,2,1,2,1.3534695900858705e-08,0.02489550312560755,0.9751044833396966,0.9751044833396966,False
2023-10-30,2,1,2,1.0294827414354107e-08,0.3212326621399645,0.6787673275652081,0.6787673275652081,False
2023-10-31,1,1,1,6.852041024098518e-10,0.9588688344647213,0.041131164850074585,0.9588688344647213,False
2023-11-01,1,1,1,1.3379064611488692e-10,0.9996989109106875,0.00030108895552178667,0.9996989109106875,False
2023-11-02,1,1,1,2.989496878737939e-11,0.9999938442549416,6.155715163362916e-06,0.9999938442549416,False
2023-11-03,1,1,1,9.305178511594032e-12,0.9999973499888803,2.6500018144536053e-06,0.9999973499888803,False
2023-11-06,1,1,1,2.7215468471132156e-12,0.9999991007186186,8.992786598507746e-07,0.9999991007186186,False
2023-11-07,1,1,1,1.1811546817807755e-12,0.9999997123808512,2.8761796779066975e-07,0.9999997123808512,False
2023-11-08,1,1,1,1.421129115276641e-12,0.999999874963993,1.2503458602387033e-07,0.999999874963993,False
2023-11-09,1,1,1,1.0094620549177067e-12,0.9999999455062748,5.44927159014692e-08,0.9999999455062748,False
2023-11-10,1,1,1,1.2356988096176322e-12,0.9999999731074453,2.6891319060351575e-08,0.9999999731074453,False
2023-11-13,1,1,1,1.370072399211106e-12,0.9999999862155668,1.378306321024292e-08,0.9999999862155668,False
2023-11-14,1,1,1,9.80515892823961e-13,0.999999993464376,6.534643385005966e-09,0.999999993464376,False
2023-11-15,1,1,1,9.989312608247547e-13,0.9999999918822159,8.116785246662519e-09,0.9999999918822159,False
2023-11-16,1,1,1,1.2003130206114125e-12,0.9999999765380773,2.3460722356360285e-08,0.9999999765380773,False
2023-11-17,1,1,1,2.562884648474419e-12,0.9999999696408306,3.035660660279163e-08,0.9999999696408306,False
2023-11-20,1,1,1,5.055310668816101e-12,0.9999999360333588,6.396158583376216e-08,0.9999999360333588,False
2023-11-21,1,1,1,1.5676408694352327e-11,0.9999997942572191,2.0572710451505758e-07,0.9999997942572191,False
2023-11-22,1,1,1,4.593625524008767e-11,0.9999991657711103,8.341829532747262e-07,0.9999991657711103,False
2023-11-24,1,1,1,9.542248532746319e-11,0.9999966166137553,3.383290822278108e-06,0.9999966166137553,False
2023-11-27,1,1,1,1.2534557004860826e-10,0.9999966004595643,3.39941509005097e-06,0.9999966004595643,False
2023-11-28,1,1,1,1.2306789891783778e-10,0.9999963396470163,3.6602299157106127e-06,0.9999963396470163,False
2023-11-29,1,1,1,2.0469547711370677e-10,0.9999964567553628,3.5430399417518897e-06,0.9999964567553628,False
2023-11-30,1,1,1,1.5999795410214278e-10,0.9999957204667329,4.279373269097244e-06,0.9999957204667329,False
2023-12-01,1,1,1,1.9991330084973612e-10,0.9999954908364779,4.508963608736802e-06,0.9999954908364779,False
2023-12-04,1,1,1,4.0399385781811504e-10,0.9999918344751625,8.165120843811017e-06,0.9999918344751625,False
2023-12-05,1,1,1,1.449653947986856e-09,0.999992225586353,7.772963992865516e-06,0.999992225586353,False
2023-12-06,1,1,1,1.198792172861365e-08,0.9999934766576121,6.511354466320796e-06,0.9999934766576121,False
2023-12-07,1,1,1,9.053760492257373e-08,0.9999933815309044,6.527931490790415e-06,0.9999933815309044,False
2023-12-08,1,1,1,3.9700228453975305e-07,0.9999943440166771,5.258981038333977e-06,0.9999943440166771,False
2023-12-11,1,1,1,3.008162924001527e-06,0.999989314819718,7.677017358194337e-06,0.999989314819718,False
2023-12-12,1,1,1,1.549483431808151e-05,0.999969866743528,1.4638422154032105e-05,0.999969866743528,False
2023-12-13,1,1,1,0.0001706901480347359,0.99971286064627,0.00011644920569538074,0.99971286064627,False
2023-12-14,1,1,1,0.004727404256170725,0.9942229103790323,0.001049685364796969,0.9942229103790323,False
2023-12-15,1,0,1,0.2044192375978628,0.7692737459734348,0.026307016428702628,0.7692737459734348,False
2023-12-18,0,0,0,0.9590396998297646,0.008338732297625056,0.0326215678726104,0.9590396998297646,False
2023-12-19,0,0,0,0.9903150553761779,1.3566917103259665e-06,0.009683587932111699,0.9903150553761779,False
2023-12-20,0,0,0,0.9969258329846392,3.8571411393198806e-08,0.003074128443949351,0.9969258329846392,False
2023-12-21,0,0,0,0.997976365782636,7.097253727068676e-09,0.002023627120110361,0.997976365782636,False
2023-12-22,0,0,0,0.9979702034674566,1.9055358183676894e-09,0.0020297946270074977,0.9979702034674566,False
2023-12-26,0,0,0,0.9978807073588372,2.990356057998684e-10,0.002119292342127145,0.9978807073588372,False
2023-12-27,0,0,0,0.9989351708012177,2.4819479459870277e-11,0.0010648291739628116,0.9989351708012177,False
2023-12-28,0,2,0,0.9972841887089064,4.732083303428136e-12,0.0027158112863616686,0.9972841887089064,False
2023-12-29,0,2,0,0.9895598891153259,1.3895956364828057e-12,0.01044011088328459,0.9895598891153259,False
2024-01-02,0,2,0,0.9310788567100421,4.06843165802423e-13,0.06892114328955098,0.9310788567100421,False
2024-01-03,2,2,2,0.39363879872157626,5.623741431094348e-14,0.6063612012783676,0.6063612012783676,False
2024-01-04,2,2,2,0.005775952395400242,1.893794428435042e-15,0.9942240476045978,0.9942240476045978,False
2024-01-05,2,2,2,1.699132122554026e-05,8.94198963646346e-16,0.9999830086787735,0.9999830086787735,False
2024-01-08,2,2,2,1.1289300935191585e-06,6.511651108021615e-16,0.9999988710699059,0.9999988710699059,False
2024-01-09,2,2,2,2.01618558100929e-07,2.0475818276621788e-16,0.9999997983814417,0.9999997983814417,False
2024-01-10,2,2,2,2.4351414334357756e-08,6.518310702611038e-17,0.9999999756485857,0.9999999756485857,False
2024-01-11,2,2,2,7.196517997637671e-09,4.022544587495946e-17,0.999999992803482,0.999999992803482,False
2024-01-12,2,2,2,3.7152897490478872e-09,3.334415089996547e-17,0.9999999962847101,0.9999999962847101,False
2024-01-16,2,2,2,3.2984222157524807e-09,7.628481017467629e-17,0.9999999967015778,0.9999999967015778,False
2024-01-17,2,2,2,3.651359012302904e-09,1.3077794445651522e-16,0.9999999963486408,0.9999999963486408,False
2024-01-18,2,2,2,4.563292277029429e-09,1.7409425241094018e-16,0.9999999954367076,0.9999999954367076,False
2024-01-19,2,2,2,3.4152557212568774e-09,1.3037652784862317e-16,0.9999999965847441,0.9999999965847441,False
2024-01-22,2,2,2,2.180636002810653e-09,1.403566086466707e-16,0.9999999978193639,0.9999999978193639,False
2024-01-23,2,2,2,8.45184196657358e-10,1.2175844849234779e-16,0.9999999991548156,0.9999999991548156,False
2024-01-24,2,2,2,4.6322517809308223e-10,1.7865074571954465e-16,0.9999999995367745,0.9999999995367745,False
2024-01-25,2,2,2,1.7256789439328397e-10,1.6193324618957938e-16,0.999999999827432,0.999999999827432,False
2024-01-26,2,2,2,1.7919828807255052e-10,3.3739386475113755e-16,0.9999999998208013,0.9999999998208013,False
2024-01-29,2,2,2,2.3810349688387406e-10,4.116215467566171e-16,0.999999999761896,0.999999999761896,False
2024-01-30,2,2,2,3.031686237502906e-10,1.3637418444870475e-15,0.9999999996968301,0.9999999996968301,False
2024-01-31,2,2,2,9.511476138280172e-10,2.8249274554943718e-14,0.9999999990488242,0.9999999990488242,False
2024-02-01,2,2,2,7.838972002097926e-10,6.775719684033931e-14,0.9999999992160351,0.9999999992160351,False
2024-02-02,2,2,2,6.663861611377224e-10,2.0148811441046506e-13,0.9999999993334123,0.9999999993334123,False
2024-02-05,2,2,2,3.259066413651237e-10,3.685401325672265e-13,0.9999999996737248,0.9999999996737248,False
2024-02-06,2,2,2,9.818119699069311e-11,1.5521906289838999e-13,0.9999999999016635,0.9999999999016635,False
2024-02-07,2,2,2,1.6611976323884606e-11,2.1629824338951312e-14,0.9999999999833664,0.9999999999833664,False
2024-02-08,2,2,2,2.994322152838769e-12,4.819406813895619e-15,0.9999999999970008,0.9999999999970008,False
2024-02-09,2,2,2,7.420759160961191e-13,1.513681207868701e-15,0.9999999999992564,0.9999999999992564,False
2024-02-12,2,2,2,1.7726660875949354e-13,2.6270959644471804e-15,0.9999999999998201,0.9999999999998201,False
2024-02-13,2,2,2,1.149036290980967e-13,5.665992151513698e-15,0.9999999999998794,0.9999999999998794,False
2024-02-14,2,2,2,3.75885580018535e-14,3.059859705499557e-15,0.9999999999999594,0.9999999999999594,False
2024-02-15,2,2,2,1.3827660044691002e-14,1.3258085090082863e-15,0.9999999999999849,0.9999999999999849,False
2024-02-16,2,2,2,6.5915682935893095e-15,2.3886982285755103e-15,0.9999999999999911,0.9999999999999911,False
2024-02-20,2,2,2,3.8509051411329015e-15,4.573457362401266e-15,0.9999999999999916,0.9999999999999916,False
2024-02-21,2,2,2,2.425930199562411e-15,1.2126812148207863e-14,0.9999999999999853,0.9999999999999853,False
2024-02-22,2,2,2,8.617389130831864e-16,1.39236630893528e-14,0.9999999999999851,0.9999999999999851,False
2024-02-23,2,2,2,6.061619241621302e-16,3.3678006564508195e-14,0.9999999999999658,0.9999999999999658,False
2024-02-26,2,2,2,4.502951875085381e-16,1.830349593417007e-13,0.9999999999998166,0.9999999999998166,False
2024-02-27,2,2,2,2.9289243170550507e-16,6.368248530440593e-13,0.999999999999363,0.999999999999363,False
2024-02-28,2,2,2,1.9344590906844455e-16,1.7858821087296876e-12,0.9999999999982139,0.9999999999982139,False
2024-02-29,2,2,2,9.971298163653963e-17,5.368553665797086e-12,0.9999999999946314,0.9999999999946314,False
2024-03-01,2,2,2,6.836985923900778e-17,3.4068651340142084e-12,0.9999999999965932,0.9999999999965932,False
2024-03-04,2,2,2,5.3365505398337965e-17,9.752520407575512e-12,0.9999999999902474,0.9999999999902474,False
2024-03-05,2,2,2,5.390586059755234e-17,6.305593103911597e-11,0.999999999936944,0.999999999936944,False
2024-03-06,2,2,2,5.0710199170014824e-17,3.149291067899626e-10,0.9999999996850708,0.9999999996850708,False
2024-03-07,2,2,2,4.1214286952940056e-17,1.1339533552745009e-09,0.9999999988660466,0.9999999988660466,False
2024-03-08,2,2,2,4.1851126588227237e-17,4.007331156485522e-09,0.9999999959926689,0.9999999959926689,False
2024-03-11,2,2,2,3.53652010040554e-17,1.277046708058326e-08,0.9999999872295328,0.9999999872295328,False
2024-03-12,2,2,2,2.4560493058606683e-17,1.6626968071063385e-08,0.9999999833730318,0.9999999833730318,False
2024-03-13,2,2,2,2.2314946638706212e-17,2.4642152770453753e-08,0.9999999753578471,0.9999999753578471,False
2024-03-14,2,2,2,2.1339450566617436e-17,4.915078674259153e-08,0.9999999508492132,0.9999999508492132,False
2024-03-15,2,2,2,1.980774882898409e-17,6.675664562246907e-08,0.9999999332433542,0.9999999332433542,False
2024-03-18,2,2,2,1.9209562050732692e-17,5.815660697543107e-08,0.9999999418433929,0.9999999418433929,False
2024-03-19,2,2,2,1.633465173422482e-17,4.42719935175009e-08,0.9999999557280066,0.9999999557280066,False
2024-03-20,2,2,2,1.1516340628611582e-17,3.137996403880257e-08,0.9999999686200359,0.9999999686200359,False
2024-03-21,2,2,2,1.0698298289679106e-17,2.6811359047997625e-08,0.9999999731886409,0.9999999731886409,False
2024-03-22,2,2,2,1.3113049581732303e-17,1.8921868355997753e-08,0.9999999810781316,0.9999999810781316,False
2024-03-25,2,2,2,2.1708368768858796e-17,1.0333101299639013e-08,0.9999999896668986,0.9999999896668986,False
2024-03-26,2,2,2,1.7983750609608185e-17,9.580933915332557e-09,0.9999999904190661,0.9999999904190661,False
2024-03-27,2,2,2,8.648938292198985e-18,7.978857125328997e-09,0.999999992021143,0.999999992021143,False
2024-03-28,2,2,2,7.239747264542893e-18,7.002721187777911e-09,0.9999999929972787,0.9999999929972787,False
2024-04-01,2,2,2,8.798502226095913e-18,7.017178645726616e-09,0.9999999929828214,0.9999999929828214,False
2024-04-02,2,2,2,1.1508312012733418e-17,7.400364835060863e-09,0.999999992599635,0.999999992599635,False
2024-04-03,2,2,2,1.2142697983857768e-17,7.340041169255754e-09,0.9999999926599588,0.9999999926599588,False
2024-04-04,2,2,2,2.937106162004179e-17,7.2075531696582415e-09,0.9999999927924468,0.9999999927924468,False
2024-04-05,2,2,2,2.340294252186416e-17,9.28741176424158e-09,0.9999999907125882,0.9999999907125882,False
2024-04-08,2,2,2,1.9770312558906682e-17,1.849805924256983e-08,0.9999999815019408,0.9999999815019408,False
2024-04-09,2,2,2,1.6407584124906948e-17,4.69045630388892e-08,0.9999999530954369,0.9999999530954369,False
2024-04-10,2,2,2,1.6128067317680744e-17,5.071632212533319e-08,0.9999999492836779,0.9999999492836779,False
2024-04-11,2,2,2,2.3716865029237873e-17,1.9308780160075543e-07,0.9999998069121985,0.9999998069121985,False
2024-04-12,2,2,2,3.1666119584910703e-16,8.671593355267235e-07,0.9999991328406642,0.9999991328406642,False
2024-04-15,2,2,2,1.8989594919337096e-15,1.8507928819170979e-06,0.9999981492071162,0.9999981492071162,False
2024-04-16,2,2,2,3.512337609421391e-15,3.3105362540944238e-06,0.9999966894637424,0.9999966894637424,False
2024-04-17,2,2,2,5.021466736156442e-14,1.1046977527795376e-05,0.999988953022422,0.999988953022422,False
2024-04-18,2,2,2,3.4471817855264993e-13,1.7977989451976607e-05,0.9999820220102034,0.9999820220102034,False
2024-04-19,2,2,2,1.9485530027157968e-11,4.4197829396665466e-05,0.9999558021511179,0.9999558021511179,False
2024-04-22,2,2,2,2.2825989756511626e-10,0.0001136671677152249,0.9998863326040248,0.9998863326040248,False
2024-04-23,2,2,2,1.841032815123645e-09,0.00032235087568073414,0.9996776472832866,0.9996776472832866,False
2024-04-24,2,2,2,9.097828802586288e-09,0.0003690501374493503,0.9996309407647219,0.9996309407647219,False
2024-04-25,2,2,2,4.3951366591843445e-08,0.0004424879136692236,0.9995574681349643,0.9995574681349643,False
2024-04-26,2,2,2,2.684888429762817e-07,0.0006894324809163717,0.9993102990302407,0.9993102990302407,False
2024-04-29,2,2,2,1.1040627309317774e-06,0.0003726118431163261,0.9996262840941528,0.9996262840941528,False
2024-04-30,2,2,2,6.094321641190619e-05,0.0001656157373053852,0.9997734410462827,0.9997734410462827,False
2024-05-01,2,0,2,0.0027445021945442898,0.00016144025296031635,0.9970940575524954,0.9970940575524954,False
2024-05-02,2,0,2,0.04589393879820389,6.690066445002914e-05,0.954039160537346,0.954039160537346,False
2024-05-03,0,0,0,0.5644522611459012,3.228137191460749e-05,0.4355154574821841,0.5644522611459012,False
2024-05-06,0,0,0,0.9804585465254537,3.225259025451499e-06,0.01953822821552083,0.9804585465254537,False
2024-05-07,0,0,0,0.9998665080209922,6.94377994635218e-07,0.00013279760101321154,0.9998665080209922,False
2024-05-08,0,0,0,0.9999970254094541,1.2184169020726444e-07,2.8527488556555117e-06,0.9999970254094541,False
2024-05-09,0,0,0,0.9999991262089923,4.399038027152711e-08,8.298006274906961e-07,0.9999991262089923,False
2024-05-10,0,0,0,0.9999971824817687,1.6586119320976202e-08,2.8009321120383043e-06,0.9999971824817687,False
2024-05-13,0,0,0,0.9999895097225222,5.8331578269723306e-09,1.0484444319887277e-05,0.9999895097225222,False
2024-05-14,0,0,0,0.9999426505629889,4.549706880279542e-09,5.734488730419351e-05,0.9999426505629889,False
2024-05-15,0,0,0,0.9998471350030141,4.139500190571738e-09,0.00015286085748557015,0.9998471350030141,False
2024-05-16,0,0,0,0.9993074694798667,6.115969969384954e-09,0.0006925244041633363,0.9993074694798667,False
2024-05-17,0,2,0,0.9865439297852783,1.4771653858385622e-08,0.013456055443067804,0.9865439297852783,False
2024-05-20,0,2,1,0.5254807596360829,4.984875240283756e-09,0.47451923537904195,0.5254807596360829,True
2024-05-21,2,2,2,0.008947433224237591,8.264443931617499e-11,0.991052566693118,0.991052566693118,False
2024-05-22,2,2,2,4.183408665074406e-05,1.3550237828042012e-11,0.9999581658997989,0.9999581658997989,False
2024-05-23,2,2,2,5.246210245416647e-06,3.183525127653175e-12,0.999994753786571,0.999994753786571,False
2024-05-24,2,2,2,2.0558251059733906e-06,6.379404630366586e-12,0.9999979441685145,0.9999979441685145,False
2024-05-28,2,2,2,3.9361511868589745e-07,2.8971605114685854e-12,0.9999996063819843,0.9999996063819843,False
2024-05-29,2,2,2,1.23440310275567e-07,1.0517974244335484e-12,0.9999998765586379,0.9999998765586379,False
2024-05-30,2,2,2,1.0300550257385157e-07,4.2223126489904646e-13,0.9999998969940753,0.9999998969940753,False
2024-05-31,2,2,2,8.993462893269698e-08,3.861732029089498e-13,0.9999999100649849,0.9999999100649849,False
2024-06-03,2,2,2,7.563206390569786e-08,5.150271145591229e-13,0.9999999243674211,0.9999999243674211,False
2024-06-04,2,2,2,1.7767495298424113e-07,6.492961063983881e-13,0.9999998223243978,0.9999998223243978,False
2024-06-05,2,2,2,6.160952862865179e-07,2.389129947987674e-12,0.9999993839023246,0.9999993839023246,False
2024-06-06,2,2,2,2.4238359613673572e-06,7.603660981363286e-12,0.999997576156435,0.999997576156435,False
2024-06-07,2,2,2,1.2868280652846359e-05,1.3959439088077439e-11,0.9999871317053877,0.9999871317053877,False
2024-06-10,2,2,2,2.315820565672769e-05,1.842931506272752e-11,0.999976841775914,0.999976841775914,False
2024-06-11,2,2,2,5.7490222278715785e-05,2.173343131048828e-11,0.9999425097559879,0.9999425097559879,False
2024-06-12,2,2,2,6.642551046121426e-05,3.728239824013672e-11,0.9999335744522564,0.9999335744522564,False
2024-06-13,2,2,2,9.619628275794615e-05,8.333090706922995e-11,0.9999038036339112,0.9999038036339112,False
2024-06-14,2,2,2,4.046219549158915e-05,4.8369752539676306e-11,0.9999595377561388,0.9999595377561388,False
2024-06-17,2,2,2,2.19685691385253e-05,1.9915054444954393e-11,0.9999780314109463,0.9999780314109463,False
2024-06-18,2,2,2,2.11405263636551e-05,1.0693837913001875e-11,0.9999788594629425,0.9999788594629425,False
2024-06-20,2,2,2,4.595012054128592e-06,1.6058313825101301e-12,0.99999540498634,0.99999540498634,False
2024-06-21,2,2,2,1.5359830404964167e-06,2.6226973277651704e-13,0.9999984640166972,0.9999984640166972,False
2024-06-24,2,2,2,4.849368196926324e-07,9.857604501704863e-14,0.9999995150630818,0.9999995150630818,False
2024-06-25,2,2,2,2.040756035547195e-07,4.5759567266714403e-14,0.9999997959243506,0.9999997959243506,False
2024-06-26,2,2,2,4.623588681340867e-08,2.2620197820076404e-14,0.9999999537640906,0.9999999537640906,False
2024-06-27,2,2,2,2.2360500634073658e-08,1.763625743321261e-14,0.9999999776394818,0.9999999776394818,False
2024-06-28,2,2,2,7.0593038059812295e-09,9.959680226641237e-15,0.9999999929406862,0.9999999929406862,False
2024-07-01,2,2,2,2.2906157013526487e-09,4.3230867312566456e-15,0.9999999977093799,0.9999999977093799,False
2024-07-02,2,2,2,1.735979408072711e-09,1.5149154112827946e-14,0.9999999982640055,0.9999999982640055,False
2024-07-03,2,2,2,1.4974392309938309e-09,2.5961610634570644e-14,0.9999999985025347,0.9999999985025347,False
2024-07-05,2,2,2,1.0378172175096887e-09,2.972033663645043e-14,0.9999999989621531,0.9999999989621531,False
2024-07-08,2,2,2,8.300045114816406e-10,9.009019656610491e-15,0.9999999991699864,0.9999999991699864,False
2024-07-09,2,2,2,2.563714645338183e-10,2.716271120552189e-15,0.9999999997436257,0.9999999997436257,False
2024-07-10,2,2,2,1.29218975322409e-10,4.234284952004033e-16,0.9999999998707807,0.9999999998707807,False
2024-07-11,2,2,2,6.152545412069901e-11,6.150394697244442e-17,0.9999999999384745,0.9999999999384745,False
2024-07-12,2,2,2,4.349740854704435e-11,2.6104948804657156e-17,0.9999999999565026,0.9999999999565026,False
2024-07-15,2,2,2,2.4986585481888647e-11,3.541909654021682e-18,0.9999999999750133,0.9999999999750133,False
2024-07-16,2,2,2,2.5626067627748725e-11,3.886593462169427e-18,0.9999999999743738,0.9999999999743738,False
2024-07-17,2,2,2,2.6841810458348693e-11,1.542552386748623e-18,0.9999999999731581,0.9999999999731581,False
2024-07-18,2,2,2,3.470262222183933e-11,8.975395562834433e-19,0.9999999999652973,0.9999999999652973,False
2024-07-19,2,2,2,3.290524348093023e-11,3.195825088088866e-19,0.9999999999670948,0.9999999999670948,False
2024-07-22,2,2,2,4.467866655273879e-11,7.72126677196187e-19,0.9999999999553213,0.9999999999553213,False
2024-07-23,2,2,2,4.243110791140003e-11,1.0991460192023815e-18,0.9999999999575688,0.9999999999575688,False
2024-07-24,2,2,2,8.420261337997576e-11,2.0019009884919122e-18,0.9999999999157974,0.9999999999157974,False
2024-07-25,2,2,2,1.5672791122694227e-10,6.62449460962107e-18,0.999999999843272,0.999999999843272,False
2024-07-26,2,2,2,4.953846938587024e-10,3.7694835752526996e-17,0.9999999995046154,0.9999999995046154,False
2024-07-29,2,2,2,1.2423035686869007e-09,7.246110497198022e-17,0.9999999987576964,0.9999999987576964,False
2024-07-30,2,2,2,2.8344150416393095e-09,1.2152215493021614e-16,0.9999999971655849,0.9999999971655849,False
2024-07-31,2,2,2,7.2808821580929064e-09,4.67295602912642e-16,0.9999999927191172,0.9999999927191172,False
2024-08-01,2,2,2,1.4856156632517649e-08,7.544872581508178e-16,0.9999999851438426,0.9999999851438426,False
2024-08-02,2,2,2,3.848055779569245e-08,9.442413790953703e-16,0.9999999615194411,0.9999999615194411,False
2024-08-05,2,2,2,1.7245002767802263e-08,1.389182084095752e-16,0.9999999827549971,0.9999999827549971,False
2024-08-06,2,2,2,4.787317511518336e-09,1.413896278654805e-16,0.9999999952126823,0.9999999952126823,False
2024-08-07,2,2,2,3.0948734287294025e-09,1.3907706586480163e-16,0.9999999969051265,0.9999999969051265,False
2024-08-08,2,2,2,5.547309173412985e-09,4.933022230341268e-16,0.9999999944526903,0.9999999944526903,False
2024-08-09,2,2,2,1.6568125366962105e-08,6.166472392777764e-15,0.9999999834318685,0.9999999834318685,False
2024-08-12,2,2,2,5.0907503688345036e-08,6.582754776431607e-14,0.9999999490924304,0.9999999490924304,False
2024-08-13,2,2,2,1.6135732055656463e-07,3.4064565161020423e-13,0.9999998386423389,0.9999998386423389,False
2024-08-14,2,2,2,6.981210688662303e-07,2.622768702643351e-12,0.9999993018763085,0.9999993018763085,False
2024-08-15,2,2,2,3.0268836145196135e-06,2.0183848530317362e-11,0.9999969730962017,0.9999969730962017,False
2024-08-16,2,2,2,1.543721790839095e-05,2.2439157465634755e-10,0.9999845625577,0.9999845625577,False
2024-08-19,2,2,2,4.0158653278895156e-05,1.1131528576261266e-09,0.9999598402335683,0.9999598402335683,False
2024-08-20,2,2,2,8.005007202208702e-05,2.6782363679803486e-09,0.9999199472497416,0.9999199472497416,False
2024-08-21,2,2,2,0.0003354383271768062,1.618112518928286e-08,0.9996645454916981,0.9996645454916981,False
2024-08-22,2,2,2,0.001056283417255595,3.581553714391486e-08,0.9989436807672074,0.9989436807672074,False
2024-08-23,2,0,2,0.004497992966382904,9.624120796325495e-08,0.9955019107924092,0.9955019107924092,False
2024-08-26,2,0,2,0.026703371109788175,2.0703793848991927e-07,0.9732964218522734,0.9732964218522734,False
2024-08-27,2,0,2,0.31364719378257133,5.807872200377503e-07,0.6863522254302086,0.6863522254302086,False
2024-08-28,0,0,0,0.9676306640837453,1.7647160589107884e-07,0.03236915944464898,0.9676306640837453,False
2024-08-29,0,0,0,0.999838203371723,5.366321913045868e-08,0.00016174296505781227,0.999838203371723,False
2024-08-30,0,0,0,0.9999983912839787,3.824942570650366e-08,1.5704665956141964e-06,0.9999983912839787,False
2024-09-03,0,0,0,0.9999995558810898,6.209253337933664e-08,3.8202637699711164e-07,0.9999995558810898,False
2024-09-04,0,0,0,0.999999674977504,7.414863214145763e-08,2.508738639597538e-07,0.999999674977504,False
2024-09-05,0,0,0,0.9999997451847772,2.0580437117817082e-07,4.901085149036739e-08,0.9999997451847772,False
2024-09-06,0,0,0,0.9999997017289205,2.885710764142403e-07,9.700003075276377e-09,0.9999997017289205,False
2024-09-09,0,0,0,0.9999993460688512,6.517928770818271e-07,2.1382717559676243e-09,0.9999993460688512,False
2024-09-10,0,0,0,0.9999988018551491,1.1976599131396469e-06,4.849377384574925e-10,0.9999988018551491,False
2024-09-11,0,0,0,0.9999968539245665,3.1459903792924605e-06,8.505414213752249e-11,0.9999968539245665,False
2024-09-12,0,0,0,0.9999894520669033,1.0547921299015097e-05,1.1797747626272214e-11,0.9999894520669033,False
2024-09-13,0,0,0,0.9999806248864708,1.937511009760813e-05,3.4317346272584287e-12,0.9999806248864708,False
2024-09-16,0,0,0,0.9999728303541326,2.7169645554045513e-05,3.132408877630533e-13,0.9999728303541326,False
2024-09-17,0,0,0,0.9999753394500908,2.4660549874737775e-05,3.45875326900567e-14,0.9999753394500908,False
2024-09-18,0,0,0,0.9999802361846982,1.9763815297780978e-05,4.0157507565334585e-15,0.9999802361846982,False
2024-09-19,0,0,0,0.9999508262670808,4.9173732918440577e-05,7.421050301526905e-16,0.9999508262670808,False
2024-09-20,0,0,0,0.9998832112021391,0.00011678879786097624,1.0744509094927476e-16,0.9998832112021391,False
2024-09-23,0,0,0,0.9997241238033757,0.00027587619662435193,3.348372631003044e-17,0.9997241238033757,False
2024-09-24,0,0,0,0.9991571496069734,0.0008428503930265849,9.205641508707937e-18,0.9991571496069734,False
2024-09-25,0,0,0,0.9985281973732545,0.001471802626745513,9.981635077467188e-18,0.9985281973732545,False
2024-09-26,0,0,0,0.9980178116737237,0.0019821883262762297,5.293051367803974e-18,0.9980178116737237,False
2024-09-27,0,0,0,0.9983235925025019,0.001676407497498092,2.1134574071414194e-18,0.9983235925025019,False
2024-09-30,0,0,0,0.9985781423600916,0.0014218576399082996,9.57150680938667e-19,0.9985781423600916,False
2024-10-01,0,0,0,0.9996060774884045,0.00039392251159547144,7.611202635277656e-20,0.9996060774884045,False
2024-10-02,0,0,0,0.9998825373324387,0.00011746266756132674,3.2034523788371004e-20,0.9998825373324387,False
2024-10-03,0,0,0,0.9999791118913491,2.0888108650808318e-05,5.828649439343373e-20,0.9999791118913491,False
2024-10-04,0,0,0,0.9999894934728267,1.0506527173288352e-05,2.0737905825219072e-19,0.9999894934728267,False
2024-10-07,0,0,0,0.9999985551347361,1.44486526379725e-06,1.6587405993785906e-18,0.9999985551347361,False
2024-10-08,0,0,0,0.9999987741465847,1.225853415390381e-06,6.788596173686942e-18,0.9999987741465847,False
2024-10-09,0,0,0,0.9999990521193999,9.478806002065385e-07,4.304663767433269e-17,0.9999990521193999,False
2024-10-10,0,0,0,0.9999991970804744,8.029195256940391e-07,8.253091966729937e-17,0.9999991970804744,False
2024-10-11,0,0,0,0.9999982448913485,1.7551086515932916e-06,5.329629035487393e-17,0.9999982448913485,False
2024-10-14,0,0,0,0.9999995834342462,4.165657538073619e-07,8.934984300504143e-18,0.9999995834342462,False
2024-10-15,0,0,0,0.9999999765577233,2.3442276779910633e-08,2.3548882551423505e-18,0.9999999765577233,False
2024-10-16,0,0,0,0.9999999963423112,3.657688877313616e-09,9.511101856587917e-19,0.9999999963423112,False
2024-10-17,0,0,0,0.9999999991783486,8.216513243659235e-10,8.122898815627421e-19,0.9999999991783486,False
2024-10-18,0,0,0,0.9999999998798648,1.2013529533071486e-10,6.363953442480435e-20,0.9999999998798648,False
2024-10-21,0,0,0,0.9999999999649622,3.503780776290258e-11,7.96066965218951e-20,0.9999999999649622,False
2024-10-22,0,0,0,0.999999999992901,7.098953509800493e-12,1.423184453026967e-20,0.999999999992901,False
2024-10-23,0,0,0,0.9999999999998053,1.9465793210411418e-13,7.56928654802693e-21,0.9999999999998053,False
2024-10-24,0,0,0,0.9999999999999722,2.7799771985459743e-14,9.99361701839051e-21,0.9999999999999722,False
2024-10-25,0,0,0,0.9999999999999996,5.119210317215446e-16,1.5209460087353494e-20,0.9999999999999996,False
2024-10-28,0,0,0,1.0,1.0952533234247046e-16,6.457324528414831e-21,1.0,False
2024-10-29,0,0,0,1.0,2.926465200083257e-17,2.390325836158983e-21,1.0,False
2024-10-30,0,0,0,1.0,1.7890322887799408e-17,2.443173940138302e-21,1.0,False
2024-10-31,0,0,0,1.0,1.8439331211587262e-19,5.909621310385468e-22,1.0,False
2024-11-01,0,0,0,1.0,2.640311475377965e-19,3.837870782401564e-21,1.0,False
2024-11-04,0,0,0,1.0,1.1052234024352075e-20,2.637181983352619e-21,1.0,False
2024-11-05,0,0,0,1.0,8.9821098365981e-20,1.0292203191205193e-20,1.0,False
2024-11-06,0,0,0,1.0,5.887595370346778e-18,2.202713317724788e-19,1.0,False
2024-11-07,0,0,0,1.0,4.563580590850226e-17,2.293611220360784e-19,1.0,False
2024-11-08,0,0,0,0.9999999999999998,1.9144009426350838e-16,8.74459161992457e-19,0.9999999999999998,False
2024-11-11,0,0,0,0.999999999999998,2.0986711299086614e-15,3.783317321854018e-17,0.999999999999998,False
2024-11-12,0,0,0,0.9999999999998759,1.2350884606797746e-13,7.705668481485971e-16,0.9999999999998759,False
2024-11-13,0,0,0,0.9999999999967384,3.2297384359334716e-12,3.193811134217641e-14,0.9999999999967384,False
2024-11-14,0,0,0,0.9999999997988462,2.0049781824260794e-10,6.559885258417458e-13,0.9999999997988462,False
2024-11-15,0,0,0,0.9999999852777521,1.471812452894916e-08,4.1233490504965e-12,0.9999999852777521,False
2024-11-18,0,0,0,0.9999976311163364,2.368846268586991e-06,3.7394800109900294e-11,0.9999976311163364,False
2024-11-19,0,0,0,0.9998653051733847,0.00013469457176284669,2.548524689517814e-10,0.9998653051733847,False
2024-11-20,0,0,0,0.9948533108372755,0.005146687884880072,1.2778445810596874e-09,0.9948533108372755,False
2024-11-21,0,1,0,0.8983673895271426,0.10163260602265542,4.450202011490592e-09,0.8983673895271426,False
2024-11-22,1,1,1,0.04041742001158991,0.959582579136018,8.523921751306348e-10,0.959582579136018,False
2024-11-25,1,1,1,6.503574575518316e-05,0.9999349639502195,3.0402531917333784e-10,0.9999349639502195,False
2024-11-26,1,1,1,2.7737958216080906e-05,0.9999722608360243,1.2057594770509983e-09,0.9999722608360243,False
2024-11-27,1,1,1,0.0003205897140848392,0.9996794091817258,1.104189229860014e-09,0.9996794091817258,False
2024-11-29,1,1,1,0.001700269517444497,0.9982997294327028,1.04985277268749e-09,0.9982997294327028,False
2024-12-02,1,0,1,0.16445573669172667,0.8355442559970949,7.3111783376910296e-09,0.8355442559970949,False
2024-12-03,0,0,0,0.9887895400885692,0.011210459658387585,2.5304326874052816e-10,0.9887895400885692,False
2024-12-04,0,0,0,0.9999832154104112,1.6784560611223927e-05,2.897750476921401e-11,0.9999832154104112,False
2024-12-05,0,0,0,0.9999961677875969,3.832070735839164e-06,1.4166719604804358e-10,0.9999961677875969,False
2024-12-06,0,0,0,0.9999936432407045,6.355113454965886e-06,1.6458404562242542e-09,0.9999936432407045,False
2024-12-09,0,0,0,0.9999103419326923,8.964604558175486e-05,1.2021726025069535e-08,0.9999103419326923,False
2024-12-10,0,0,0,0.9997370872562192,0.00026287919553010533,3.354825063308944e-08,0.9997370872562192,False
2024-12-11,0,0,0,0.9984569106939429,0.001543015154850049,7.415120687722217e-08,0.9984569106939429,False
2024-12-12,0,1,0,0.9912584125854639,0.008741407686028149,1.7972850794207292e-07,0.9912584125854639,False
2024-12-13,0,1,0,0.7397059434380032,0.260293473666205,5.828957917388205e-07,0.7397059434380032,False
2024-12-16,1,1,1,0.007339453487427009,0.9926605144503475,3.2062225446109286e-08,0.9926605144503475,False
2024-12-17,1,1,1,3.7621700777018934e-06,0.9999962275771228,1.0252799371614237e-08,0.9999962275771228,False
2024-12-18,1,1,1,2.7076359809850556e-08,0.9999999725599357,3.637046586113176e-10,0.9999999725599357,False
2024-12-19,1,1,1,5.508598803875854e-09,0.999999994474587,1.681412569156415e-11,0.999999994474587,False
2024-12-20,1,1,1,7.191145077186871e-09,0.999999992806621,2.2338200943561482e-12,0.999999992806621,False
2024-12-23,1,1,1,2.687240321868974e-08,0.9999999731261874,1.4095268528351744e-12,0.9999999731261874,False
2024-12-24,1,1,1,1.4339756356209691e-07,0.9999998566010927,1.3438059672397399e-12,0.9999998566010927,False
2024-12-26,1,1,1,2.5915616010947765e-06,0.9999974084022869,3.61118183926429e-11,0.9999974084022869,False
2024-12-27,1,1,1,1.2029614369860237e-05,0.9999879702308792,1.5475099630930466e-10,0.9999879702308792,False
2024-12-30,1,1,1,5.900256457941452e-05,0.9999409971733298,2.620905941604518e-10,0.9999409971733298,False
